queryid	translated_querysequence	querystart	queryend	queryframe	subjectid	subjectsequence	subjectstart	subjectend	cigar	percentidentical	bitscore
NODE_3_length_608945_cov_20.035952	TMRELLEAGVHFGHQTHRWNPKMKQFIYGARSGIHIMDLSKSVPLLHQSLVKVRDTVAKGGRVLFVGTKRQASQPIAEAAQRCAQYYMNHRWLGGTLTNWSTVSNSIKRLRELEEILSDKDQSGLTKKELLNLERDREKLDKALGGIANMGGLPDLIFVIDTNKEAIAIKEARKLGIPVVAVVDTNCDPDDADFAFPGNDDAARAISLYCNLIADAVLDG	216159	215500	-3	CAD5111927.1	TLNDLFENRIHLGHKKGVRNQYMTPYIYGNRLQCDIIDLDQTLPLLHSALNFTAHIASRGGVILFVSRHRETTPLVQKTAQECGEYAHCHYWSGGLFTNSTVLFGTTIRLPDLLIFPYTHNSIMERHVAIKEAAKLNIPTVGIVDTNSDPRLITYPVPGNDDSKDSIQLYLRLFKEAIMKG	1990	2170	113M42I8M3D57M	31.4	110.0
NODE_257_length_59061_cov_161.341914	QQLKLVVNKGKDFTHNTIEVVAKGDPSTLIAFNVQDYSIYRYEPNFLTRDKIEKEFASYDLGANSTLSHTWLKDEGIEETVHFPAPSSAIDSNTTFLYLGLEIFTDAKLDRIPGRATCNFTLGFSPCFVSGCYSLDKACDGSWDCADGADEMGCPSEDDYTPKRPQNIESLYPVLIYNYEETSWLWSWHYTKPDGSSFEVVKVPYRPTTWLVSALTLSKEHGLAIVENPVRVSKSFNNYI*KGYIIKIKILIV*INKTILH*NGCSGNCPHR*TDRITSNSF*LLVRNIGNFSYYSRSRTV*SDNST**WLCN*L*SSLDKRFKTSNGLAKTRWCYIDSFWNRFRGDRRIYCLCLGRIFRGQTYTKRNHKSCGLWR*KLLQYTTND*YVE*WSFINS*S*DTY*SKISPT*EGTSFIRSRIAPCQSIGCWWVSWAQLYLWYMGYINLSQNYNQCGISLCQQFRNKSLVVKLF*NSKSS**RNN*RSSSWYS*SSCPAYGLLYKYG*WIRILFYVDN*KAKSLGLNQFCIYSCNILQKS*MVTTRVIH*YRRCSEYNNVDM*QAVT*WCFRR*RCTL*YDTL*RY*R**WKEIKCLIYCLCYCNVTRYLFTSNKFYSRRKSQKHTQPGNKVYCTICKRY**SIYNGSYSTGIKKSITL**RRCI*KILQLTEKR*NHFYIFIDLLYY*III*L*QTIDNGKYWSRVPIKAASIKLENQVPVLLPKIPQAEETQAIVATSIGLILEMMRFGTERDLSIYIPIVNWLQTMRTTFYGWSSPIASYWALQALIAYEKADKFVAIHNIFTQITQTSTDNVFDFYLNKTNWYDLQAFEINDKVWGTIRTGATGSGIILLQQEATVTVEYQDQIRQSLNRTFELDVDSVSFYGRNYSILEVTVCAKWLRTDLSPTSGQADIEIQIPSGYYVLKEMLNNFTNSNPLVQDNGFDTSTQVAVYELDYVIIALFN*LSHLFLSNLFILYRFLRRELAYLFKLIDISLLLILQFNRQ*ESMITTILVRIY*IIVII*LYLTFTGKYNKTYYEASTLFQTTICQVFGSYQCPYSPFYNSA	25831	29028	1	CAD5111927.1	NPVEVRINQGKDFSRDTIEVTGITDPGSFIAFSGIDYDMWSKGGNIFLTESEILRELETYDSHANLSDSHTWYYGEAIYKKMYFPAATYGVDANTTFEYAGIIIFTDAKVSRIQNNCNRTQGFLPCNDGSCFKISERCDNTSQCIDEVDELGCYPNDEPSIFTKELNRFKHLNRHYEEEGSWLWMSHFVKPDGRIDLKTNVPKEPMSWTVGAVSMSREKGLGILEMPARHQSTRPFYIQVEGPVNIIRGEQIGLRVALFNYWSEDLECLVTVHDSDDYRIVLVEDYGYVNSYNPRTTRGDIQTMIYLRASDMYTIHFPISPIKGGNVTVYVTATSFMGKDTVSHTFNIKYDGTTNYYHTPLLIDLINTGSDIIPDLWIIVPDRFFTPEQQYHNFVPGSAKAFVSVSGDIIGTGFFKPFLNAMNMMRKPFGAAEQNAFNIAVNIYYLRYLKETNQLRKEVLKDALTGVNIALQRQFSYYMRDIGAFTMFRDYENRTPSLWLTAFVLQTLNFADLADWRLHIYIPPELINKLGNWAAKQQQTDGSFVDPSPPYDKRMSNHTDNISLTAYVLIALNDAEGISGSERNNVEQAKRKARSYLERNYDTVKHGNDSFKLCIVCYALAQSESSMRFECLSQLEATKKTSIGIYWSDHIIPSNPFKIVATIIYQNPRNIYPTESTAVAATSYALKTFLKLNQKIRPQEIMKWMQTMRNTIGGFIGTQDTAIALQALTDLSKKDTNRHLYKMLVTLQSTSSEYWTKEVYLNNSNYVDTHTLEIPKVWGSVRARAQGTGVALIQLETQMNVEFGFQQFPRPNQSFFQIELENLRLYGKNFSIFEADVCGTWTRPDISKKTGLVLMEVDLPTGYIIMNDLLRSYVQSHTVKNLARAEYLDKKVVFYIDSLEANVPTCVRFTANRWFPVANVTIQHSLHIYDYYEPGMFNLSMYKTNSLFGLHICQVCGSFQCPYCPDYNTA	556	1525	45M1D70M2I42M2I21M1D59M1D19M2I35M1I42M14I27M3D15M4I3M3I29M4I39M3I28M5D31M10I28M1D13M3D20M3D15M7D5M2D4M11I11M2I6M1I7M23I60M4I53M1D19M1I41M1D84M12I14M3I20M23I36M	24.0	234.0
NODE_268_length_57677_cov_8.412950	KKKVNNIKRKKMSKVSYKELMDAGVHFGHLSRKWNPRMAPYIFMKKNGIHIIDLNKTQAKLEEAAAAMKQMAKSGRKIMFVATKKQAKAIVAKHAERASMPYVTERWPGGMLTNFSTIRKAIRKMDHIDKLLADPNSTNIAKRERLMMSRQREKLDRNLGPIKDLTRLPAAIFIVDINRENIATSEAIKLGIPTFAMVDTNTNPSTIDFPIPANDDASSSIDVIVGALADAVIEGLKERN	39592	38873	-2	CAD5111927.1	KKSINPLEEEDFFKVRDMVTLNDLFENRIHLGHKKGVRNQYMTPYIYGNRLQCDIIDLDQTLPLLHSALNFTAHIASRGGVILFVSRHRETTPLVQKTAQECGEYAHCHYWSGGLFTNSTVLFGTTIRLPDLLIFPYTHNSIMERHVAIKEAAKLNIPTVGIVDTNSDPRLITYPVPGNDDSKDSIQLYLRLFKEAIMKGKEHFN	1971	2175	15M4D103M1D8M4I9M36I65M	26.9	78.2
NODE_730_length_32575_cov_4.919434	VTMRQLLEAGAHFGHRTRYWNPQMRPYIFGARNKIHIINLEDTLPLLREACNAAGRVAADGGKVLFVGTKRAAQDIVAAEAARCEMPYVNRRWLGGMLTNFKTVKGSIKRMQELRERLAEGQTKYRLSKKEQLTLTREYEKLHSSLGGIEQMTSLPDVLFVIDVGYEDIAVREAKKLGIPVIGVVDTNNSPQDVDIVIPGNDDAIRAISVYAGAIADAVI	20053	19394	-1	CAD5111927.1	VTLNDLFENRIHLGHKKGVRNQYMTPYIYGNRLQCDIIDLDQTLPLLHSALNFTAHIASRGGVILFVSRHRETTPLVQKTAQECGEYAHCHYWSGGLFTNSTVLFGTTIRLPDLLIFPYTHNSIMERHVAIKEAAKLNIPTVGIVDTNSDPRLITYPVPGNDDSKDSIQLYLRLFKEAIM	1989	2168	116M22I7M18I57M	29.5	97.4
NODE_744_length_32082_cov_170.229962	STRSFYIELEAPLRVVTGEQIGLKVTIFNYWHEPLEALITLHKSDVFKSISVPDDGFVTAFSAKLVEGIRQVMVRLEAGETKIIHFPIVTEIIGRHIVTVSGDSFVAKRTRSISIRVTALGINNRYLTCHLVDLLNHGTLSVPDFKIPIQERFILPEQQRHIYVPGTPIGELKIVGGTTGPETWDSARYLRMSINTGAGYAINLALHALWINFFKDQNAADKAKVSESLQGLAEGITQLMVYYDYAGNGRGYFAMWLDKKPSLFVTLNGVYALSQFYKNPEWIQQFLFIDLNVVHNATRWICEQQTAEGAFGEMHISTDDSFRSVITDEKGNFLNITMTAYTLTLLHDIYPVLNDNNVSSLASNAINKGLKYIASHLDKIDDPFCMAFVAYSMKLHDHFSTEAAVGKFMNMTRISRLNIVFIFYLSL*LLI*SSFKLEGGRYWSRVEIPQVQTEFTESIPALLGRRSSIDDAQSIIATGVGLLLDIATNGTERDLSIYTPTVSWLQSRRRTFYGWTSGPATFWALKGLMTYEKADKFVSHHYIKADITLLAGERKFRMNFNGSNWYNVQGFKFTEKVYGNVRVFAEGTGMFLIELQTMAFVEFEDQIKRSRNRVLLEADQIRYYGRNYSSIDITVCAQWFRPDLTPITGQADIEIGIPSGYYVLKEMLNNFTNSHPLIQDNDFSTSTQKATYYLDYVSCLNIFLHIQRYVSKLII*NIICFL*LPPERTCVMVTAHRYHPVANFSIPHKLQAYNHFDMSKFIYCIYFYIIIKNSISGKKNKSLYDTQTLSQLTICQAFGSYQCPYSPFYNRASTTAN	17893	20343	1	CAD5111927.1	STRPFYIQVEGPVNIIRGEQIGLRVALFNYWSEDLECLVTVHDSDDYRIVLVEDYGYVNSYNPRTTRGDIQTMIYLRASDMYTIHFPISPIKGGNVTVYVTATSFMGKDTVSHTFNIKYDGTTNYYHTPLLIDLINTGSDIIPDLWIIVPDRFFTPEQQYHNFVPGSAKAFVSVSGDIIGTGFFKPFLNAMNMMRKPFGAAEQNAFNIAVNIYYLRYLKETNQLRKEVLKDALTGVNIALQRQFSYYMRDIGAFTMFRDYENRTPSLWLTAFVLQTLNFADLADWRLHIYIPPELINKLGNWAAKQQQTDGSFVDPSPPYDKRMSNHTDNISLTAYVLIALNDAEGISGSERNNVEQAKRKARSYLERNYDTVKHGNDSFKLCIVCYALAQSESSMRFECLSQLEATKKTSIGIYWSDHIIPSNPFKIVATIIYQNPRNIYPTESTAVAATSYALKTFLKLNQKIRPQEIMKWMQTMRNTIGGFIGTQDTAIALQALTDLSKKDTNRHLYKMLVTLQSTSSEYWTKEVYLNNSNYVDTHTLEIPKVWGSVRARAQGTGVALIQLETQMNVEFGFQQFPRPNQSFFQIELENLRLYGKNFSIFEADVCGTWTRPDISKKTGLVLMEVDLPTGYIIMNDLLRSYVQSHTVKNLARAEYLDKKVVFYIDSLEANVPTCVRFTANRWFPVANVTIQHSLHIYDYYEPGMFNLSMYKTNSLFGLHICQVCGSFQCPYCPDYNTATDTAS	787	1530	184M4D60M3I11M3D16M1I7M1I39M1I5M6I21M2D5M4I16M3D13M9I16M14I65M4I34M2I19M3D18M1I40M2D84M17I2M9I34M18I38M	28.8	310.0
NODE_1130_length_23215_cov_157.022237	SYFIALPNKVYPDEVIQVYVTVLKMRTPFLKIRVAIRLGNLGEKSEEKCSVSATFTYPSTRILQMQMLDNSPAGNYTVNVEGTSSEGISGYLFRNETKIMFMRKQVSVLIQLNKPVYKQGQTIKLRIMPIMPNLMSKTANMDVSLVDATNTTVKLWQNLQTNAGGVLDLQQKLSEQPHYGEWKVLVYTYGEYYEKKFPVNEFWVTAIDVNVSMPMYLSENDFGIAGVISANLSLGQPAKGTIRIEMSVKPPKDIEAAKEYVKVHAINLKDQFNKSETDDINIHSFQDGSDKIVRETRYFAGVTDFMFTMDEIRNLLGGRSPANHEIVVDAYVYDWFLVQEASGSSRAVVYSNATSIYLLGDKSRTFKPGMPTSVYVSKL*NKHGYKTII*LFLYNIFCL*FAVSNQDGTPLHSHRRQVTVKRVETPNSEFIPDAKLIVRDDGIAKYTFTPSNDARQIRLTAHYDLYQSNAVDVYMTRHYTTHDRFLYISSSTETPQVDQYMVFTVRSNTLLDNVHYIVTAASNIVTGGVIELYSSQKTFSIAVSRDMVPEARMVVWTIFKGEILADSVNFFVNGTRLNPVDLRVNRGKDFTGDVVEITGWSDRSAYIGFSALCHELYVYSGGSNFVQETDIINELRSFDSHANTSFRFQWTFGETFRELVHFPAPTYAIDANKTFEFAGLIVFTDANVTRMPHNCNETLGDYPCMSGRQCFRIEEWCDGVMKCEDGVDEMGCTNRVPKYPFTKPFDRLSLLTRHYNEMGDWGWLGHFLMPNGRIDLETEVPDEPMPWVVDAFSISRDKGFGMVFNPSRHQATRPFYMRAEAPESVIKGEQIGVRISLFNYWTENLECLVTLHDSDDYAFVVVEKDGIVSSYSPRLLRGDIQTMVYMPSGFVRELHFPVLHLKEGCFSVTISVANFMYKDEETVEMCSTFDGVTNYLNTPFVIDLINKGSRAIPDLEIPVPERFIRPQERQHLYVPGSPEATIGIVGDIVGPGFFEDYLDAENSIRKPFGGGEQSLYNLATNILYLRYMSGTNQLANDRLRLSIDKVNEGLQRQMSYYTLKKDSNNHDIGYFSLFRDYQEDTPSVWLTAHALKVFHKMYSGNYLKIGINQIFMATKTLTEMGRWLCAADKRDDDRGFIETSPHYNRKMWLNGTENYDKIALSAHVLIALQSARSALQGSTGCDSVISQTIQYLRDNAAGDHSPFTTAILAYALLSSGDTSSPALNRLRKIQIDKEYWANKRIPKNGIRFEDNLPVHQPRKWYDNEAYGVATTGYAILALLQTSDGYSESFPSMLWLQSMRNSFAGHSSTEDSIIAQEALVEYSLKDMNKAFYQMYIEVSPTSNQNLTYVLRLNKTNWIDLQEIPITPVWGYVRGTATGNGIALMQLSTKVNVEYSRQIVPKPEGDFFSIELKESYGGKNYSFVEFNPCVRWVRPDLSNTSGMTVLEMDLPTGYRITNDVLRSYAQSGRVPTLRRAETYDRKVVFYFDYVGYKEDTCVKFRTDRWFPVANLTIQHKIRVYDYYEPGRTNYKFNFFIHVFKNNFLF	11611	16239	1	CAD5111927.1	TYMILAPRKVYPNEVVQVQVSIFKMYGKSITVRGNIRKNGAQEFARFKEVFEEEGTRLVQMKMPTNADMGNYTMRIEAFNEAYYGAGYVFENETDLIFDVKQVSVFIQTNKPIYRQGQTVHFRIIPVKPNLLPVHGSMDIYMLDNTGMPIRRWLDQQTNAGILDMKMQLSAQPRYGVWKIKTVFEGATYEKEFQVEEYYPPRFFVNVSMPLYLMDDSFALAGLITVNHTSGRPAKGQGKVRLEIRDPKTKLVDGKEYKWDYIEKPIFYFNGRSDFIFFMDEIRAKVGNIANKELHVIATIYDWHLTLTSIGYGVCVIYENKVKLKLLGDKSRTFKPGFPVNVYYAVIDADGRPLYGNRRQVTVQRSVNNGIKTTALEEEKLVVRDDGIVSYTFIAESDARFITLQAYYDLQGFSNQVECIFSKYYTYNNHYIKISTTTERPFVDHYMVFTVRLSTYVNRVYYQIVSGGNIQTANSLEMSSQQKTFSVAISRDMVPSSRIIAYYLYKGEVIVDSLNFFVNGTGMNPVEVRINQGKDFSRDTIEVTGITDPGSFIAFSGIDYDMWSKGGNIFLTESEILRELETYDSHANLSDSHTWYYGEAIYKKMYFPAATYGVDANTTFEYAGIIIFTDAKVSRIQNNCNRTQGFLPCNDGSCFKISERCDNTSQCIDEVDELGCYPNDEPSIFTKELNRFKHLNRHYEEEGSWLWMSHFVKPDGRIDLKTNVPKEPMSWTVGAVSMSREKGLGILEMPARHQSTRPFYIQVEGPVNIIRGEQIGLRVALFNYWSEDLECLVTVHDSDDYRIVLVEDYGYVNSYNPRTTRGDIQTMIYLRASDMYTIHFPISPIKGGNVTVYVTATSFMGKDTVSHTFNIKYDGTTNYYHTPLLIDLINTGSDIIPDLWIIVPDRFFTPEQQYHNFVPGSAKAFVSVSGDIIGTGFFKPFLNAMNMMRKPFGAAEQNAFNIAVNIYYLRYLKETNQLRKEVLKDALTGVNIALQRQFSYYMRDIGAFTMFRDYENRTPSLWLTAFVLQTLNFADLADWRLHIYIPPELINKLGNWAAKQQQTDGSFVDPSPPYDKRMSNHTDNISLTAYVLIALNDAEGISGSERNNVEQAKRKARSYLERNYDTVKHGNDSFKLCIVCYALAQSESSMRFECLSQLEATKKTSIGIYWSDHIIPSNPFKIVATIIYQNPRNIYPTESTAVAATSYALKTFLKLNQKIRPQEIMKWMQTMRNTIGGFIGTQDTAIALQALTDLSKKDTNRHLYKMLVTLQSTSSEYWTKEVYLNNSNYVDTHTLEIPKVWGSVRARAQGTGVALIQLETQMNVEFGFQQFPRPNQSFFQIELENLRLYGKNFSIFEADVCGTWTRPDISKKTGLVLMEVDLPTGYIIMNDLLRSYVQSHTVKNLARAEYLDKKVVFYIDSLEANVPTCVRFTANRWFPVANVTIQHSLHIYDYYEPGMFNLSMYKTNSLF	33	1503	40M4I44M1D76M1I88M1D8M27I31M2I54M25I27M2D40M1D151M1I88M1I350M7I39M4I15M2I22M4I22M1I4M2D15M3D22M2I17M5D54M1I123M1D115M6I10M	42.4	1227.0
NODE_1365_length_19698_cov_192.076312	SGILDMKMQLSAQPRYGVWKIKTVFEGATYEKEFQVEEYCM*NNTKIP*RFLKFFPFFRST*IFCKCQHASLFNG*FICIGRTNYSQVGLNKNFN*KCLNYSFFCFFLVILVVDQQKAKEKFA*KSVTLKQNWLTERNISGTI*KSQYFTFVIVAFYFIVFIISYFFS*QFNGRSDFIFFMDEIRAKVGNIANKELHVIATIYDWHLTLTSIGYGVCVIYENKVKLKLLGDKSRTFKPGFPVNVYYAVIDADGRPLYGNRRQVTVQRSVNNGIKTTALEEEKLVVRDDGIVSYTFIAESDARFITLQAYYDLQGFSNQVECIFSKYYTYNNHYIKISTTTERPFVDHYMVFTVRLSTYVNRVYYQIVSGGNIQTANSLEMSSQQKTFSVAISRDMVPSSRIIAYYLYKGEVIVDSLNFFVNGTGMNPVEVRINQGKDFSRDTIEVTGITDPGSFIAFSGIDYDMWSKGGNIFLTESEILRELETYDSHANLSDSHTWYYGEAIYKKMYFPAATYGVDANTTFEYAGIIIFTDAKVSRIQNNCNRTQGFLPCNDGSCFKISERCDNTSQCIDEVDELGCYPNDEPSIFTKELNRFKHLNRHYEEEGSWLWMSHFVKPDGRIDLKTNVPKEPMSWTVGAVSMSREKGLGILEMPARHQSTRPFYIQVEGPVNIIRGEQIGLRVALFNYWSEDLECLVTVHDSDDYRIVLVEDYGYVNSYNPRTTRGDIQTMIYLRASDMYTIHFPISPIKGGNVTVYVTATSFMGKDTVSHTFNIKYDGTTNYYHTPLLIDLINTGSDIIPDLWIIVPDRFFTPEQQYHNFVPGSAKAFVSVSGDIIGTGFFKPFLNAMNMMRKPFGAAEQNAFNIAVNIYYLRYLKETNQLRKEVLKDALTGVNIALQRQFSYYMRDIGAFTMFRDYENRTPSLWLTAFVLQTLNFADLADWRLHIYIPPELINKLGNWAAKQQQTDGSFVDPSPPYDKRMSNHTDNISLTAYVLIALNDAEGISGSERNNVEQAKRKARSYLERNYDTVKHGNDSFKLCIVCYALAQSESSMRFECLSQLEATKKTSIGIYWSDHIIPSNPFKIVATIIYQNPRNIYPTESTAVAATSYALKTFLKLNQKIRPQEIMKWMQTMRNTIGGFIGTQDTAIALQALTDLSKKDTNRHLYKMLVTLQSTSSEYWTKEVYLNNSNYVDTHTLEIPKVWGSVRARAQGTGVALIQLETQMNVEFGFQQFPRPNQSFFQIELENLRLYGKNFSIFEADVCGTWTRPDISKKTGLVLMEVDLPTGYIIMNDLLRSYVQSHTVKNLARAEYLDKKVVFYIDSLEANVPTCVRFTANRWFPVANVTIQHSLHIYDYYEPGMFNLSMYKTNSLFGLHICQVCGSFQCPYCPDYNTATDTASNISIL	13855	9641	-3	CAD5111927.1	AGILDMKMQLSAQPRYGVWKIKTVFEGATYEKEFQVEEYYPPRFFVNVSMPLYLMDDSFALAGLITVNHTSGRPAKGQGKVRLEIRDPKTKLVDGKEYKWDYIEKPIFYFNGRSDFIFFMDEIRAKVGNIANKELHVIATIYDWHLTLTSIGYGVCVIYENKVKLKLLGDKSRTFKPGFPVNVYYAVIDADGRPLYGNRRQVTVQRSVNNGIKTTALEEEKLVVRDDGIVSYTFIAESDARFITLQAYYDLQGFSNQVECIFSKYYTYNNHYIKISTTTERPFVDHYMVFTVRLSTYVNRVYYQIVSGGNIQTANSLEMSSQQKTFSVAISRDMVPSSRIIAYYLYKGEVIVDSLNFFVNGTGMNPVEVRINQGKDFSRDTIEVTGITDPGSFIAFSGIDYDMWSKGGNIFLTESEILRELETYDSHANLSDSHTWYYGEAIYKKMYFPAATYGVDANTTFEYAGIIIFTDAKVSRIQNNCNRTQGFLPCNDGSCFKISERCDNTSQCIDEVDELGCYPNDEPSIFTKELNRFKHLNRHYEEEGSWLWMSHFVKPDGRIDLKTNVPKEPMSWTVGAVSMSREKGLGILEMPARHQSTRPFYIQVEGPVNIIRGEQIGLRVALFNYWSEDLECLVTVHDSDDYRIVLVEDYGYVNSYNPRTTRGDIQTMIYLRASDMYTIHFPISPIKGGNVTVYVTATSFMGKDTVSHTFNIKYDGTTNYYHTPLLIDLINTGSDIIPDLWIIVPDRFFTPEQQYHNFVPGSAKAFVSVSGDIIGTGFFKPFLNAMNMMRKPFGAAEQNAFNIAVNIYYLRYLKETNQLRKEVLKDALTGVNIALQRQFSYYMRDIGAFTMFRDYENRTPSLWLTAFVLQTLNFADLADWRLHIYIPPELINKLGNWAAKQQQTDGSFVDPSPPYDKRMSNHTDNISLTAYVLIALNDAEGISGSERNNVEQAKRKARSYLERNYDTVKHGNDSFKLCIVCYALAQSESSMRFECLSQLEATKKTSIGIYWSDHIIPSNPFKIVATIIYQNPRNIYPTESTAVAATSYALKTFLKLNQKIRPQEIMKWMQTMRNTIGGFIGTQDTAIALQALTDLSKKDTNRHLYKMLVTLQSTSSEYWTKEVYLNNSNYVDTHTLEIPKVWGSVRARAQGTGVALIQLETQMNVEFGFQQFPRPNQSFFQIELENLRLYGKNFSIFEADVCGTWTRPDISKKTGLVLMEVDLPTGYIIMNDLLRSYVQSHTVKNLARAEYLDKKVVFYIDSLEANVPTCVRFTANRWFPVANVTIQHSLHIYDYYEPGMFNLSMYKTNSLFGLHICQVCGSFQCPYCPDYNTATDTASNINVI	192	1535	39M7I5M25I9M12I12M2I42M2I3M13I1234M	91.6	2555.0
NODE_6777_length_2271_cov_3.020758	TMRQLLEAGIHFGHTTRRWNPRMAPFLFGVRNGVHIIDLEQTVPLLHQSLVFLQQVAAGGGRVLFVGTKRQASDILAESAKRCGQYYVNHRWLGGMMTNWKTISNSIRRL	1915	2244	1	CAD5111927.1	TLNDLFENRIHLGHKKGVRNQYMTPYIYGNRLQCDIIDLDQTLPLLHSALNFTAHIASRGGVILFVSRHRETTPLVQKTAQECGEYAHCHYWSGGLFTNSTVLFGTTIRL	1990	2099	110M	39.1	89.7
NODE_17520_length_657_cov_1.883721	ANKLNIPVIAVVDSNSNPSGITFPVPGNDDAGRAISLYCDLIVKSVLDGIE	3	155	3	CAD5111927.1	AAKLNIPTVGIVDTNSDPRLITYPVPGNDDSKDSIQLYLRLFKEAIMKGKE	2122	2172	51M	51.0	57.4
NODE_47126_length_222_cov_1.916168	TMRQLLEAGVHFGHQTHRWNPKMGDFIFGDRNGIHIIDLTQTVPLLHQALVEVRNVVAGGGRVL	31	222	1	CAD5111927.1	TLNDLFENRIHLGHKKGVRNQYMTPYIYGNRLQCDIIDLDQTLPLLHSALNFTAHIASRGGVIL	1990	2053	64M	40.6	49.7
NODE_49684_length_212_cov_1.796178	NPKMDQYIFGSRNNIHIIDLAQTVPMLHQALQAVSDTVARGGRVLFVGTKRAASDAIADSANRCAQY	6	206	3	CAD5111927.1	NQYMTPYIYGNRLQCDIIDLDQTLPLLHSALNFTAHIASRGGVILFVSRHRETTPLVQKTAQECGEY	2009	2075	67M	40.3	55.8
